City_ID,City,Country,Date,Lat,Lng,Max Temp,Humidity,Cloudiness,Wind Speed
0,Azul,AR,2022-12-07 20:52:56,-36.777,-59.8585,97.57,16,67,18.14
1,Albany,US,2022-12-07 20:52:28,42.6001,-73.9662,57.72,91,100,1.01
2,Puerto Ayora,EC,2022-12-07 20:52:56,-0.7393,-90.3518,82.36,89,8,7.0
3,Bengkulu,ID,2022-12-07 20:49:28,-3.8004,102.2655,74.82,90,99,4.88
4,Panama City,PA,2022-12-07 20:50:00,8.9936,-79.5197,87.13,55,20,16.11
5,Punta Arenas,CL,2022-12-07 20:49:28,-53.15,-70.9167,53.62,49,0,17.27
6,Progreso,MX,2022-12-07 20:50:12,21.2833,-89.6667,87.12,73,1,16.44
7,Ushuaia,AR,2022-12-07 20:52:57,-54.8,-68.3,51.46,43,40,24.16
8,Cayenne,GF,2022-12-07 20:52:58,4.9333,-52.3333,82.44,74,0,10.36
9,Turkan,AZ,2022-12-07 20:52:58,40.3639,50.215,42.98,61,100,2.3
10,Khatanga,RU,2022-12-07 20:51:19,71.9667,102.5,-28.26,89,6,12.06
11,Upernavik,GL,2022-12-07 20:52:59,72.7868,-56.1549,27.99,62,100,21.83
12,Cockburn Town,TC,2022-12-07 20:52:59,21.4612,-71.1419,78.26,55,11,19.01
13,Chokurdakh,RU,2022-12-07 20:52:59,70.6333,147.9167,-10.12,98,100,7.58
14,New Norfolk,AU,2022-12-07 20:53:00,-42.7826,147.0587,49.5,65,100,4.0
15,Avarua,CK,2022-12-07 20:50:55,-21.2078,-159.775,80.65,78,20,12.66
16,Abaete,BR,2022-12-07 20:52:09,-19.16,-45.4458,74.03,83,85,4.41
17,Rikitea,PF,2022-12-07 20:53:00,-23.1203,-134.9692,75.38,79,20,19.57
18,Hermanus,ZA,2022-12-07 20:53:01,-34.4187,19.2345,60.8,87,40,6.4
19,Busselton,AU,2022-12-07 20:48:07,-33.65,115.3333,56.97,86,85,6.58
20,Maarianhamina,AX,2022-12-07 20:53:01,60.0973,19.9348,24.66,93,0,4.61
21,Jamestown,US,2022-12-07 20:50:44,42.097,-79.2353,44.24,77,100,3.0
22,Tiksi,RU,2022-12-07 20:53:02,71.6872,128.8694,-9.2,100,100,9.73
23,Faanui,PF,2022-12-07 20:53:02,-16.4833,-151.75,81.0,74,100,21.05
24,Mataura,NZ,2022-12-07 20:50:35,-46.1927,168.8643,63.48,59,100,4.99
25,Anadyr,RU,2022-12-07 20:53:03,64.75,177.4833,0.1,71,0,4.47
26,Solnechnyy,RU,2022-12-07 20:53:03,50.7214,136.6319,-2.94,78,4,4.54
27,Lompoc,US,2022-12-07 20:51:18,34.6391,-120.4579,64.02,64,0,4.0
28,Portland,US,2022-12-07 20:52:56,45.5234,-122.6762,44.28,82,100,8.05
29,Otjimbingwe,NA,2022-12-07 20:53:04,-22.35,16.1333,67.86,37,0,4.52
30,Georgetown,MY,2022-12-07 20:53:04,5.4112,100.3354,80.53,91,20,5.75
31,Butaritari,KI,2022-12-07 20:53:05,3.0707,172.7902,80.13,81,96,12.12
32,Mar Del Plata,AR,2022-12-07 20:51:57,-38.0023,-57.5575,90.82,84,0,21.0
33,Touros,BR,2022-12-07 20:53:06,-5.1989,-35.4608,79.43,78,26,14.74
34,Port Blair,IN,2022-12-07 20:53:06,11.6667,92.75,80.64,83,75,3.44
35,Kuhdasht,IR,2022-12-07 20:53:06,33.535,47.6061,45.1,59,5,2.08
36,San Patricio,US,2022-12-07 20:53:07,28.017,-97.5169,82.49,59,27,15.5
37,Ponta Do Sol,PT,2022-12-07 20:53:07,32.6667,-17.1,66.0,85,23,15.97
38,Bandarbeyla,SO,2022-12-07 20:52:22,9.4942,50.8122,77.63,75,94,13.69
39,Kavieng,PG,2022-12-07 20:52:01,-2.5744,150.7967,81.43,77,90,6.55
40,Kapaa,US,2022-12-07 20:53:08,22.0752,-159.319,78.12,76,100,8.01
41,Ixtapa,MX,2022-12-07 20:53:09,20.7,-105.2,84.22,69,1,5.01
42,Aykhal,RU,2022-12-07 20:53:09,66.0,111.5,-24.41,100,99,3.69
43,Naberera,TZ,2022-12-07 20:53:09,-4.2,36.9333,66.6,81,10,7.87
44,Saint George,US,2022-12-07 20:53:43,37.1041,-113.5841,48.43,74,75,3.0
45,Vaini,TO,2022-12-07 20:51:31,-21.2,-175.2,82.56,83,75,3.44
46,Selma,US,2022-12-07 20:54:12,36.5708,-119.6121,56.01,93,100,4.61
47,Santa Cruz De La Palma,ES,2022-12-07 20:54:13,28.6835,-17.7642,71.74,56,20,4.61
48,Bilma,NE,2022-12-07 20:54:13,18.6853,12.9164,68.92,20,57,4.81
49,Sao Filipe,CV,2022-12-07 20:54:14,14.8961,-24.4956,75.51,77,17,9.4
50,Bluff,NZ,2022-12-07 20:54:18,-46.6,168.3333,63.81,73,100,11.12
51,Namibe,AO,2022-12-07 20:54:18,-15.1961,12.1522,68.86,76,7,4.94
52,Port Elizabeth,ZA,2022-12-07 20:54:19,-33.918,25.5701,71.1,87,20,21.85
53,Buchanan,LR,2022-12-07 20:54:20,5.8808,-10.0467,78.57,83,41,5.32
54,Milton,US,2022-12-07 20:54:20,34.1322,-84.3007,72.05,91,96,4.92
55,Bonavista,CA,2022-12-07 20:52:43,48.6499,-53.1147,37.36,88,100,10.42
56,Klaksvik,FO,2022-12-07 20:54:22,62.2266,-6.589,34.72,73,100,27.29
57,Tasiilaq,GL,2022-12-07 20:51:23,65.6145,-37.6368,13.06,74,94,3.22
58,Thompson,CA,2022-12-07 20:54:24,55.7435,-97.8558,-14.64,70,75,4.61
59,Srednekolymsk,RU,2022-12-07 20:53:43,67.45,153.6833,-41.78,100,9,2.77
60,Bredasdorp,ZA,2022-12-07 20:54:25,-34.5322,20.0403,62.24,87,58,2.57
61,Blagoyevo,RU,2022-12-07 20:54:26,63.3667,47.9167,20.57,88,100,8.28
62,Sisimiut,GL,2022-12-07 20:54:27,66.9395,-53.6735,29.77,87,100,9.24
63,Trairi,BR,2022-12-07 20:53:33,-3.2778,-39.2689,80.19,77,69,11.77
64,Usinsk,RU,2022-12-07 20:54:30,65.9939,57.5281,15.13,95,100,15.03
65,Erzin,TR,2022-12-07 20:54:30,36.9559,36.2,56.89,65,100,6.04
66,Almaznyy,RU,2022-12-07 20:54:31,48.0448,40.045,20.39,86,100,16.69
67,Chihuahua,MX,2022-12-07 20:54:31,28.5,-106.0,67.21,36,95,16.17
68,Castro,BR,2022-12-07 20:54:31,-24.7911,-50.0119,76.91,67,0,3.87
69,Madarounfa,NE,2022-12-07 20:54:32,13.3087,7.156,72.55,17,0,9.86
70,Saint-Philippe,RE,2022-12-07 20:54:32,-21.3585,55.7679,76.59,86,37,13.87
71,Shelopugino,RU,2022-12-07 20:54:32,51.6514,117.5599,-4.27,98,17,5.41
72,Ngunguru,NZ,2022-12-07 20:54:33,-35.6167,174.5,59.58,93,100,26.89
73,East London,ZA,2022-12-07 20:49:38,-33.0153,27.9116,70.65,91,0,6.33
74,Nikolskoye,RU,2022-12-07 20:50:46,59.7035,30.7861,22.91,87,100,12.41
75,Atuona,PF,2022-12-07 20:54:34,-9.8,-139.0333,77.79,76,4,18.54
76,Olafsvik,IS,2022-12-07 20:50:32,64.8945,-23.7142,32.67,68,41,15.01
77,Kenora,CA,2022-12-07 20:52:30,49.8167,-94.4337,-3.03,59,0,6.91
78,Narwar,IN,2022-12-07 20:54:34,25.65,77.9,56.3,39,0,3.36
79,Bairiki,KI,2022-12-07 20:54:35,1.3292,172.9752,84.2,79,20,8.05
80,Robertsport,LR,2022-12-07 20:54:35,6.7533,-11.3686,80.29,81,63,9.24
81,Caravelas,BR,2022-12-07 20:54:36,-17.7125,-39.2481,76.08,84,100,6.35
82,Kupang,ID,2022-12-07 20:54:36,-10.1667,123.5833,77.56,82,92,3.51
83,San Andres,CO,2022-12-07 20:54:36,12.5847,-81.7006,86.02,66,20,14.97
84,Marsabit,KE,2022-12-07 20:54:37,2.3284,37.9899,67.82,68,35,9.98
85,Pevek,RU,2022-12-07 20:53:07,69.7008,170.3133,-6.07,95,100,4.7
86,Gornopravdinsk,RU,2022-12-07 20:54:37,60.05,69.9,1.99,93,88,8.79
87,Hami,CN,2022-12-07 20:53:26,42.8,93.45,22.59,49,4,3.89
88,Arraial Do Cabo,BR,2022-12-07 20:50:32,-22.9661,-42.0278,75.16,88,75,8.05
89,Faya,SA,2022-12-07 20:52:51,18.3851,42.4509,55.51,67,17,3.18
90,Dabola,GN,2022-12-07 20:55:38,10.75,-11.1167,78.44,32,0,1.88
91,Bethel,US,2022-12-07 20:50:44,41.3712,-73.414,58.05,88,100,4.18
92,Luklukan,PH,2022-12-07 20:55:39,14.3254,122.7124,76.35,81,100,8.79
93,Barrow,US,2022-12-07 20:53:17,71.2906,-156.7887,14.02,85,100,20.71
94,Cape Town,ZA,2022-12-07 20:53:18,-33.9258,18.4232,67.26,81,20,14.97
95,Aklavik,CA,2022-12-07 20:55:39,68.2191,-135.0107,-16.6,69,40,14.97
96,Porto Walter,BR,2022-12-07 20:55:40,-8.2686,-72.7439,75.83,97,100,2.55
97,Trincomalee,LK,2022-12-07 20:55:40,8.5711,81.2335,74.86,79,100,23.0
98,Meadow Lake,US,2022-12-07 20:55:41,34.8014,-106.5436,58.3,50,54,10.02
99,Zhigansk,RU,2022-12-07 20:52:34,66.7697,123.3711,-32.98,97,25,11.23
100,Cherskiy,RU,2022-12-07 20:55:41,68.75,161.3,-22.7,96,54,6.35
101,Aiquile,BO,2022-12-07 20:55:41,-18.2041,-65.1807,62.15,63,98,5.35
102,Pitimbu,BR,2022-12-07 20:55:42,-7.4706,-34.8086,82.99,75,37,11.79
103,Vostok,RU,2022-12-07 20:53:04,46.4856,135.8833,-2.58,99,100,4.12
104,Chapais,CA,2022-12-07 20:55:42,49.7834,-74.8492,28.18,90,84,7.9
105,Rawson,AR,2022-12-07 20:55:43,-43.3002,-65.1023,82.69,21,20,28.77
106,Oriximina,BR,2022-12-07 20:52:17,-1.7656,-55.8661,88.05,52,24,4.18
107,Kaeo,NZ,2022-12-07 20:55:43,-35.1,173.7833,59.77,93,100,20.04
108,Qaanaaq,GL,2022-12-07 20:55:44,77.484,-69.3632,13.19,71,75,9.73
109,Chimay,BE,2022-12-07 20:55:44,50.0486,4.3171,37.89,98,80,4.16
110,Constitucion,CL,2022-12-07 20:51:09,-35.3333,-72.4167,66.72,71,22,9.82
111,Beloha,MG,2022-12-07 20:55:44,-25.1667,45.05,76.51,77,0,3.83
112,Forbes,AU,2022-12-07 20:55:45,-33.3833,148.0167,50.34,50,0,14.63
113,Santa Fe,AR,2022-12-07 20:55:45,-31.6333,-60.7,104.02,30,21,10.0
114,Port Alfred,ZA,2022-12-07 20:55:46,-33.5906,26.891,67.17,94,26,3.0
115,Wenchi,GH,2022-12-07 20:55:46,7.7392,-2.1046,78.46,30,34,3.18
116,Tuktoyaktuk,CA,2022-12-07 20:55:46,69.4541,-133.0374,-11.2,70,75,11.5
117,Hithadhoo,MV,2022-12-07 20:55:47,-0.6,73.0833,81.54,77,100,13.69
118,Akdepe,TM,2022-12-07 20:55:47,42.0551,59.3788,10.49,46,0,7.25
119,Mahanoro,MG,2022-12-07 20:55:48,-19.9,48.8,74.23,89,81,3.06
120,Provideniya,RU,2022-12-07 20:55:48,64.3833,-173.3,19.51,73,100,13.42
121,Dingle,PH,2022-12-07 20:55:48,10.9995,122.6711,72.25,91,80,5.82
122,Bilibino,RU,2022-12-07 20:55:49,68.0546,166.4372,-28.71,100,71,4.07
123,Corrente,BR,2022-12-07 20:55:49,-3.7367,-43.3394,84.43,35,36,2.89
124,Kralendijk,BQ,2022-12-07 20:55:49,12.15,-68.2667,80.22,67,33,11.05
125,Xicotencatl,MX,2022-12-07 20:55:50,23.0167,-98.8833,85.53,44,84,11.32
126,Sobreira,PT,2022-12-07 20:55:50,41.5237,-7.8023,54.59,91,100,6.6
127,Ayan,RU,2022-12-07 20:55:51,56.45,138.1667,-5.19,72,63,6.93
128,San Javier,ES,2022-12-07 20:55:51,37.8063,-0.8374,59.13,86,20,3.44
129,Mana,GF,2022-12-07 20:55:51,5.6592,-53.7767,79.12,85,22,9.89
130,Nemuro,JP,2022-12-07 20:55:52,43.3236,145.575,32.16,58,66,4.65
131,Barcelona,ES,2022-12-07 20:55:52,41.3888,2.159,56.7,80,20,4.61
132,Bambous Virieux,MU,2022-12-07 20:51:57,-20.3428,57.7575,76.21,88,75,13.8
133,Lagoa,PT,2022-12-07 20:55:53,39.05,-27.9833,60.58,76,23,15.7
134,Yurginskoye,RU,2022-12-07 20:55:53,56.8189,67.3921,1.71,95,64,8.66
135,Cabo San Lucas,MX,2022-12-07 20:53:18,22.8909,-109.9124,85.6,71,37,1.01
136,Harnosand,SE,2022-12-07 20:56:54,62.6323,17.9379,16.0,71,48,2.17
137,Ola,RU,2022-12-07 20:56:54,59.5833,151.2833,2.68,94,100,9.06
138,Severomuysk,RU,2022-12-07 20:56:55,56.1481,113.4267,-9.69,98,100,5.66
139,Raga,SS,2022-12-07 20:56:55,8.4596,25.678,73.17,29,19,4.85
140,Kaitangata,NZ,2022-12-07 20:56:55,-46.2817,169.8464,58.17,61,100,7.81
141,Riyadh,SA,2022-12-07 20:55:59,24.6877,46.7219,62.74,81,4,8.97
142,Le Port,RE,2022-12-07 20:55:14,-20.9373,55.2919,77.0,80,4,4.88
143,Shahr-E Kord,IR,2022-12-07 20:56:56,32.3256,50.8644,40.77,65,75,4.61
144,Kalmunai,LK,2022-12-07 20:56:56,7.4167,81.8167,75.69,62,100,26.35
145,Flinders,AU,2022-12-07 20:56:57,-34.5833,150.8552,65.17,72,16,5.99
146,Craig,US,2022-12-07 20:56:57,40.5153,-107.5464,12.15,85,100,0.0
147,Hobart,AU,2022-12-07 20:56:58,-42.8794,147.3294,50.25,80,75,19.57
148,Hilo,US,2022-12-07 20:56:35,19.7297,-155.09,77.29,80,100,4.0
149,Lensk,RU,2022-12-07 20:52:09,60.7253,114.9278,13.53,92,100,13.62
150,Torbay,CA,2022-12-07 20:56:58,47.6666,-52.7314,37.76,97,100,10.36
151,Dikson,RU,2022-12-07 20:56:59,73.5069,80.5464,-14.35,96,92,18.45
152,Pyaozerskiy,RU,2022-12-07 20:56:59,65.8333,31.1667,17.67,97,98,3.06
153,Ivankiv,UA,2022-12-07 20:56:59,50.9386,29.8943,32.4,94,99,8.79
154,Nizhniy Kuranakh,RU,2022-12-07 20:57:00,58.8353,125.4869,11.12,88,100,14.34
155,Dunedin,NZ,2022-12-07 20:56:40,-45.8742,170.5036,55.8,66,100,11.99
156,Ratnapura,LK,2022-12-07 20:57:00,6.6828,80.3992,74.3,84,100,5.01
157,San Cristobal,VE,2022-12-07 20:57:01,7.7669,-72.225,75.38,69,40,4.27
158,Belyy Yar,RU,2022-12-07 20:57:01,53.6039,91.3903,-20.31,83,40,0.0
159,Severo-Kurilsk,RU,2022-12-07 20:53:58,50.6789,156.125,27.88,82,99,15.12
160,Karratha,AU,2022-12-07 20:57:02,-20.7377,116.8463,75.96,56,1,13.29
161,Manoel Urbano,BR,2022-12-07 20:57:03,-8.8389,-69.2597,91.69,41,48,2.59
162,Emerald,AU,2022-12-07 20:57:04,-23.5333,148.1667,79.34,61,7,13.73
163,Qui Nhon,VN,2022-12-07 20:57:05,13.7667,109.2333,75.99,90,93,14.23
164,Mount Gambier,AU,2022-12-07 20:57:06,-37.8333,140.7667,52.36,56,69,11.12
165,Cairns,AU,2022-12-07 20:56:32,-16.9167,145.7667,73.35,88,40,1.14
166,Acapulco,MX,2022-12-07 20:55:13,16.8634,-99.8901,83.98,64,14,6.58
167,Sicamous,CA,2022-12-07 20:57:09,50.8331,-118.9856,32.18,82,86,2.73
168,Narsaq,GL,2022-12-07 20:57:11,60.9167,-46.05,24.28,72,99,5.88
169,Lhokseumawe,ID,2022-12-07 20:57:12,5.1801,97.1507,77.4,85,100,5.59
170,Yaounde,CM,2022-12-07 20:54:18,3.8667,11.5167,67.69,95,52,3.27
171,Iglesias,IT,2022-12-07 20:57:13,39.3114,8.535,50.79,87,100,2.68
172,Ibotirama,BR,2022-12-07 20:57:16,-12.1853,-43.2206,80.55,66,67,0.92
173,Okato,NZ,2022-12-07 20:57:16,-39.2,173.8833,61.92,100,100,8.43
174,Chaohu,CN,2022-12-07 20:57:17,31.6,117.8667,46.96,84,100,3.47
175,Roma,US,2022-12-07 20:56:04,43.2128,-75.4557,53.96,96,100,6.91
176,Salalah,OM,2022-12-07 20:57:17,17.0151,54.0924,74.53,71,27,4.61
177,Najran,SA,2022-12-07 20:57:18,17.4924,44.1277,65.05,29,4,1.16
178,Yellowknife,CA,2022-12-07 20:57:19,62.456,-114.3525,-17.88,76,20,6.91
179,Ilulissat,GL,2022-12-07 20:57:20,69.2167,-51.1,26.11,81,100,6.15
180,Krasnoselkup,RU,2022-12-07 20:58:20,65.7,82.4667,6.64,95,100,16.11
181,Tevaitoa,PF,2022-12-07 20:58:21,-16.7833,-151.5,80.96,74,100,21.61
182,Portobelo,PA,2022-12-07 20:58:21,9.55,-79.65,84.96,74,14,11.99
183,Vagur,FO,2022-12-07 20:58:21,61.4732,-6.8119,35.08,65,100,24.83
184,Hays,US,2022-12-07 20:58:22,30.0502,-98.0336,80.67,65,65,5.01
185,Bathsheba,BB,2022-12-07 20:58:22,13.2167,-59.5167,83.01,81,20,8.05
186,Kapiri Mposhi,ZM,2022-12-07 20:58:23,-13.9652,28.6809,64.6,80,57,2.44
187,Hanzhong,CN,2022-12-07 20:58:23,33.0728,107.0303,41.74,74,100,0.74
188,Jalu,LY,2022-12-07 20:58:23,29.0331,21.5482,66.25,45,21,9.33
189,Coahuayana,MX,2022-12-07 20:58:24,18.7333,-103.6833,86.29,59,6,6.33
190,Zhangye,CN,2022-12-07 20:58:24,38.9342,100.4517,21.79,62,96,3.89
191,Souillac,MU,2022-12-07 20:58:24,-20.5167,57.5167,75.58,88,75,13.8
192,Chuy,UY,2022-12-07 20:58:25,-33.6971,-53.4616,75.29,58,2,11.65
193,Zarand,IR,2022-12-07 20:58:25,30.8127,56.564,50.52,72,85,4.36
194,Cidreira,BR,2022-12-07 20:58:26,-30.1811,-50.2056,72.91,78,0,7.49
195,Labinsk,RU,2022-12-07 20:58:26,44.6342,40.7356,33.57,71,46,8.61
196,Ekibastuz,KZ,2022-12-07 20:58:26,51.6667,75.3667,-14.85,100,59,3.44
197,Bauska,LV,2022-12-07 20:58:27,56.4075,24.1906,33.24,99,100,11.65
198,Touho,NC,2022-12-07 20:58:27,-20.7833,165.2333,77.18,86,96,6.17
199,Broken Hill,AU,2022-12-07 20:58:28,-31.95,141.4333,52.0,46,0,21.34
200,Crixas,BR,2022-12-07 20:58:28,-14.5489,-49.9692,81.97,66,100,1.5
201,Guerrero Negro,MX,2022-12-07 20:56:44,27.9769,-114.0611,65.98,53,2,15.64
202,Shimoda,JP,2022-12-07 20:58:28,34.6667,138.95,45.1,69,0,19.66
203,Ossora,RU,2022-12-07 20:58:29,59.2353,163.0719,10.92,86,90,4.36
204,Atikokan,CA,2022-12-07 20:53:33,48.7555,-91.6216,2.08,61,0,0.78
205,Saskylakh,RU,2022-12-07 20:58:30,71.9167,114.0833,-28.03,98,99,4.65
206,Araouane,ML,2022-12-07 20:58:30,18.9048,-3.5265,79.83,15,4,7.78
207,Codrington,AU,2022-12-07 20:58:30,-38.2667,141.9667,53.62,54,81,18.5
208,Puerto Escondido,MX,2022-12-07 20:56:18,15.85,-97.0667,83.46,62,0,5.73
209,Rio Gallegos,AR,2022-12-07 20:58:31,-51.6226,-69.2181,57.25,38,75,10.36
210,Airai,TL,2022-12-07 20:58:32,-8.9266,125.4092,58.23,69,66,1.23
211,Dzaoudzi,YT,2022-12-07 20:58:32,-12.7887,45.2699,78.69,89,0,5.75
212,Haines Junction,CA,2022-12-07 20:58:33,60.7522,-137.5108,13.95,92,100,0.0
213,Hofn,IS,2022-12-07 20:58:33,64.2539,-15.2082,27.36,59,10,20.18
214,Betioky,MG,2022-12-07 20:58:33,-23.7167,44.3833,76.01,74,97,0.45
215,Evensk,RU,2022-12-07 20:57:23,61.95,159.2333,7.16,96,100,8.95
216,Tura,IN,2022-12-07 20:58:34,25.5198,90.2201,59.25,89,20,3.65
217,Springbok,ZA,2022-12-07 20:58:34,-29.6643,17.8865,60.84,40,0,4.14
218,Immokalee,US,2022-12-07 20:58:35,26.4187,-81.4173,82.9,62,75,10.36
219,Hay River,CA,2022-12-07 20:58:35,60.8156,-115.7999,-14.84,76,20,2.3
220,Sioux Lookout,CA,2022-12-07 20:58:35,50.1001,-91.917,-7.53,64,0,0.0
221,Skibbereen,IE,2022-12-07 20:58:36,51.55,-9.2667,35.85,87,3,6.58
222,Baker City,US,2022-12-07 20:58:36,44.7749,-117.8344,37.65,86,100,0.0
223,Tuatapere,NZ,2022-12-07 20:58:36,-46.1333,167.6833,63.72,59,100,7.54
224,Ribeira Grande,PT,2022-12-07 20:58:37,38.5167,-28.7,57.6,88,40,18.41
225,Rapid Valley,US,2022-12-07 20:58:37,44.0625,-103.1463,35.6,62,0,8.01
226,Lebu,CL,2022-12-07 20:58:38,-37.6167,-73.65,60.91,95,95,14.9
227,Esperance,AU,2022-12-07 20:58:38,-33.8667,121.9,57.9,86,97,22.57
228,Nampula,MZ,2022-12-07 20:59:38,-15.1165,39.2666,76.95,78,40,3.44
229,Kakching,IN,2022-12-07 20:59:39,24.4833,93.9833,53.78,96,76,0.36
230,Quthing,LS,2022-12-07 20:59:39,-30.4,27.7003,63.66,34,79,3.62
231,Bayonet Point,US,2022-12-07 20:59:40,28.3267,-82.6834,83.19,74,4,8.52
232,Fukue,JP,2022-12-07 20:59:40,32.6881,128.8419,55.45,59,71,16.53
233,Kibondo,TZ,2022-12-07 20:59:40,-3.5864,30.7203,59.54,94,43,3.65
234,Kahului,US,2022-12-07 20:59:41,20.8947,-156.47,79.84,82,96,15.01
235,Havre-Saint-Pierre,CA,2022-12-07 20:59:41,50.2334,-63.5986,37.4,100,100,10.36
236,Oksfjord,NO,2022-12-07 20:59:41,70.2396,22.3479,35.78,91,69,7.81
237,Cabedelo,BR,2022-12-07 20:59:42,-6.9811,-34.8339,83.07,77,67,13.78
238,Inhambane,MZ,2022-12-07 20:59:42,-23.865,35.3833,77.11,87,27,7.78
239,Luderitz,NA,2022-12-07 20:59:38,-26.6481,15.1594,60.06,82,0,10.25
240,Canning,IN,2022-12-07 20:59:43,22.3189,88.6714,64.42,45,100,8.01
241,Vao,NC,2022-12-07 20:59:43,-22.6667,167.4833,75.56,83,73,7.67
242,Natal,BR,2022-12-07 20:58:18,-5.795,-35.2094,81.25,74,20,16.11
243,Lieksa,FI,2022-12-07 20:59:44,63.3167,30.0167,23.32,94,100,11.72
244,Svetlyy,RU,2022-12-07 20:59:44,54.675,20.1347,33.96,86,100,23.53
245,Boyolangu,ID,2022-12-07 20:59:45,-8.1181,111.8935,74.82,89,93,1.63
246,Leningradskiy,RU,2022-12-07 20:59:45,69.3833,178.4167,-4.88,97,100,9.17
247,Adrar,MR,2022-12-07 20:59:45,20.5022,-10.0711,79.9,33,87,0.94
248,Comodoro Rivadavia,AR,2022-12-07 20:59:46,-45.8667,-67.5,57.06,82,100,10.36
249,Menomonie,US,2022-12-07 20:59:46,44.8755,-91.9193,24.28,80,0,8.05
250,Porto Novo,BJ,2022-12-07 20:59:46,6.4965,2.6036,82.22,80,94,6.11
251,Aswan,EG,2022-12-07 20:59:47,24.0934,32.907,61.9,39,0,4.61
252,Husavik,IS,2022-12-07 20:59:47,66.0449,-17.3389,25.66,68,100,8.57
253,Akyab,MM,2022-12-07 20:59:48,20.15,92.9,70.34,76,64,5.68
254,Victoria,HK,2022-12-07 20:56:50,22.2855,114.1577,65.32,80,77,8.01
255,Bayir,TR,2022-12-07 20:59:48,37.2687,28.2167,43.32,91,32,3.22
256,Ruhengeri,RW,2022-12-07 20:59:48,-1.4998,29.635,56.3,95,69,0.74
257,Yulara,AU,2022-12-07 20:59:49,-25.2406,130.9889,74.12,30,94,21.03
258,Vangaindrano,MG,2022-12-07 20:59:49,-23.35,47.6,73.44,91,5,5.97
259,Shakiso,ET,2022-12-07 20:59:50,5.75,38.9167,57.81,65,94,3.49
260,Vila Franca Do Campo,PT,2022-12-07 20:59:50,37.7167,-25.4333,59.41,83,95,25.61
261,Avera,US,2022-12-07 20:59:50,33.194,-82.5271,74.55,64,54,7.47
262,Kyaikkami,MM,2022-12-07 20:59:51,16.08,97.5675,77.79,84,58,8.5
263,Sidney,AU,2022-12-07 20:55:56,-33.8679,151.2073,69.37,43,20,27.63
264,Polson,US,2022-12-07 20:59:52,47.6936,-114.1632,36.48,85,91,2.8
265,Chernyshevskiy,RU,2022-12-07 20:57:08,63.0128,112.4714,-4.65,98,100,1.25
266,West Bay,KY,2022-12-07 20:59:52,19.3667,-81.4167,84.27,68,40,14.97
267,Barstow,US,2022-12-07 20:59:52,34.8986,-117.0228,54.59,40,0,12.12
268,Oranjestad,AW,2022-12-07 20:59:53,12.524,-70.027,82.9,72,20,13.8
269,Rio Grande,BR,2022-12-07 20:59:53,-32.035,-52.0986,84.31,73,0,12.24
270,Jumla,NP,2022-12-07 20:59:54,29.2747,82.1838,38.44,26,0,5.12
271,Port Hedland,AU,2022-12-07 20:59:54,-20.3167,118.5667,75.25,78,2,10.36
272,Norman Wells,CA,2022-12-07 20:59:54,65.282,-126.8329,-30.96,68,20,5.75
273,Fort Nelson,CA,2022-12-07 20:59:55,58.8053,-122.7002,-2.61,78,75,2.3
274,Swan Hill,AU,2022-12-07 21:00:55,-35.3378,143.5544,52.9,50,9,13.33
275,Sambava,MG,2022-12-07 21:00:56,-14.2667,50.1667,74.26,87,1,10.58
276,Santiago,CL,2022-12-07 20:58:28,-33.4569,-70.6483,89.55,18,0,23.02
277,Tynda,RU,2022-12-07 21:00:57,55.1667,124.7167,-12.89,97,96,3.02
278,Seoul,KR,2022-12-07 20:58:34,37.5683,126.9778,36.84,90,0,2.3
279,Auki,SB,2022-12-07 21:00:57,-8.7676,160.7034,80.26,82,95,2.46
280,Shache,CN,2022-12-07 21:00:58,38.4167,77.2406,22.98,37,75,4.34
281,Meulaboh,ID,2022-12-07 21:00:58,4.1363,96.1285,74.66,90,100,5.61
282,Marrakesh,MA,2022-12-07 20:57:00,31.6315,-8.0083,64.47,55,40,5.75
283,Kharitonovo,RU,2022-12-07 21:00:59,61.4009,47.4978,18.93,71,100,8.9
284,Fayaoue,NC,2022-12-07 21:01:00,-20.65,166.5333,76.21,90,100,7.4
285,Mattru,SL,2022-12-07 21:01:00,7.6244,-11.8332,76.44,92,81,3.06
286,Saldanha,ZA,2022-12-07 21:01:01,-33.0117,17.9442,63.14,90,28,12.44
287,Ojinaga,MX,2022-12-07 21:01:02,29.5667,-104.4167,80.56,57,0,4.61
288,Wyndham,US,2022-12-07 21:01:06,37.6985,-77.6125,63.23,88,100,6.78
289,Vega De Alatorre,MX,2022-12-07 21:01:10,20.0333,-96.6333,80.19,68,0,10.29
290,Kysyl-Syr,RU,2022-12-07 21:01:12,63.8986,122.7617,-23.64,97,100,5.35
291,Buraydah,SA,2022-12-07 20:59:55,26.326,43.975,61.25,60,71,9.95
292,Hornepayne,CA,2022-12-07 21:01:14,49.2138,-84.7705,3.79,79,100,7.34
293,Brownsville,US,2022-12-07 20:57:47,25.9018,-97.4975,84.09,80,75,13.8
294,Cabog,PH,2022-12-07 21:01:18,15.3153,121.3703,76.75,90,95,7.18
295,Grindavik,IS,2022-12-07 21:01:19,63.8424,-22.4338,28.87,80,20,6.91
296,Matara,LK,2022-12-07 21:01:23,5.9485,80.5353,77.36,75,100,13.69
297,Corrales,US,2022-12-07 20:57:36,35.2378,-106.6067,59.86,49,75,14.0
298,Opuwo,NA,2022-12-07 21:01:28,-18.0607,13.84,68.85,23,0,9.55
299,Kokkola,FI,2022-12-07 21:01:31,63.8385,23.1307,22.93,92,0,2.3
300,Asfi,MA,2022-12-07 21:01:32,32.2994,-9.2372,65.88,74,100,23.55
301,Pundaguitan,PH,2022-12-07 21:01:35,6.3711,126.1689,80.53,80,100,10.63
302,Mahebourg,MU,2022-12-07 21:01:35,-20.4081,57.7,76.24,82,36,17.65
303,Maxixe,MZ,2022-12-07 21:01:36,-23.8597,35.3472,76.39,88,25,6.85
304,Antofagasta,CL,2022-12-07 20:57:05,-23.65,-70.4,69.08,72,28,6.04
305,Sorland,NO,2022-12-07 21:01:36,67.667,12.6934,37.45,54,97,12.88
306,Kloulklubed,PW,2022-12-07 21:01:37,7.0419,134.2556,78.89,82,99,3.38
307,Kaitong,CN,2022-12-07 21:01:37,44.8135,123.15,14.2,71,17,6.96
308,Qaqortoq,GL,2022-12-07 21:01:38,60.7167,-46.0333,24.4,73,97,4.83
309,Longyearbyen,SJ,2022-12-07 21:01:38,78.2186,15.6401,22.84,68,40,12.66
310,Waddan,LY,2022-12-07 21:01:38,29.1614,16.139,69.93,21,100,6.67
311,Odweyne,SO,2022-12-07 21:01:39,9.4092,45.064,69.58,58,64,4.12
312,Peace River,CA,2022-12-07 21:01:39,56.2501,-117.286,14.41,83,100,2.39
313,Andenes,NO,2022-12-07 21:01:40,69.3143,16.1194,33.78,64,0,18.41
314,Tautira,PF,2022-12-07 21:01:40,-17.7333,-149.15,78.94,83,87,18.3
315,Sitka,US,2022-12-07 20:58:53,57.0531,-135.33,38.98,92,100,9.53
316,Pereslavl-Zalesskiy,RU,2022-12-07 21:01:41,56.7393,38.8563,14.58,78,1,14.94
317,Kavaratti,IN,2022-12-07 21:01:41,10.5669,72.642,81.57,71,100,5.3
318,Barabinsk,RU,2022-12-07 21:01:42,55.3571,78.357,-3.19,99,97,6.8
319,Lewiston,US,2022-12-07 21:01:42,44.1003,-70.2148,51.33,97,100,6.62
320,Palencia,ES,2022-12-07 21:02:42,42.4167,-4.5,45.91,86,68,3.74
321,Bundaberg,AU,2022-12-07 21:02:43,-24.85,152.35,77.22,98,19,1.99
322,Havoysund,NO,2022-12-07 21:02:43,70.9963,24.6622,35.83,84,98,22.66
323,Dali,CN,2022-12-07 21:02:44,25.7,100.1833,42.55,77,22,3.13
324,Suicheng,CN,2022-12-07 21:02:44,33.8963,117.9331,49.98,55,100,5.59
325,Oswego,US,2022-12-07 21:02:44,43.4501,-76.1497,48.15,99,100,4.0
326,Matagami,CA,2022-12-07 21:02:45,49.7502,-77.6328,20.5,93,100,8.1
327,Hollister,US,2022-12-07 20:57:56,36.8525,-121.4016,57.0,71,0,0.0
328,Peniche,PT,2022-12-07 21:02:08,39.3558,-9.3811,59.56,96,100,20.27
329,Umea,SE,2022-12-07 21:02:45,63.8284,20.2597,4.93,85,0,3.44
330,Casas Grandes,MX,2022-12-07 21:02:46,30.3667,-107.95,59.45,63,85,11.56
331,Zhangjiakou,CN,2022-12-07 21:02:46,40.81,114.8794,24.06,69,83,4.52
332,Richards Bay,ZA,2022-12-07 21:02:47,-28.783,32.0377,74.62,88,33,11.54
333,Carnarvon,AU,2022-12-07 21:02:47,-24.8667,113.6333,70.32,65,57,14.38
334,Vila,PT,2022-12-07 21:02:47,42.0304,-8.1588,49.08,74,100,7.09
335,Besikduzu,TR,2022-12-07 21:02:48,41.052,39.2284,49.89,63,29,6.29
336,Hambantota,LK,2022-12-07 21:02:48,6.1241,81.1185,76.32,78,100,6.78
337,Pisco,PE,2022-12-07 21:02:49,-13.7,-76.2167,68.02,83,95,9.75
338,Nyurba,RU,2022-12-07 21:02:49,63.2842,118.3319,-33.47,100,94,2.89
339,Mercedes,AR,2022-12-07 21:02:49,-34.6515,-59.4307,102.72,12,51,14.76
340,Samarai,PG,2022-12-07 21:02:50,-10.6167,150.6667,81.97,77,100,3.06
341,Manavgat,TR,2022-12-07 21:02:50,36.7867,31.4431,58.96,76,100,6.42
342,Santa Lucia,ES,2022-12-07 21:02:50,27.9117,-15.5407,63.72,88,40,23.02
343,Guanica,PR,2022-12-07 21:02:51,17.9716,-66.908,82.13,64,27,11.54
344,Opunake,NZ,2022-12-07 21:02:51,-39.4556,173.8583,62.85,55,100,2.98
345,Maceio,BR,2022-12-07 21:00:28,-9.6658,-35.7353,78.24,83,20,6.91
346,Port Lincoln,AU,2022-12-07 21:00:48,-34.7333,135.8667,56.59,59,6,10.71
347,Westport,US,2022-12-07 21:02:52,41.1415,-73.3579,58.77,92,100,4.61
348,Port Hawkesbury,CA,2022-12-07 21:02:52,45.6169,-61.3485,43.18,99,100,13.0
349,Havelock,US,2022-12-07 21:02:53,34.8791,-76.9013,72.97,80,68,3.0
350,Alofi,NU,2022-12-07 21:02:53,-19.0595,-169.9187,80.76,77,100,15.57
351,Santa Rosa,PH,2022-12-07 21:02:53,14.3122,121.1114,78.12,88,88,6.85
352,Balvi,LV,2022-12-07 21:02:54,57.1313,27.2658,25.75,95,100,11.23
353,Zhanakorgan,KZ,2022-12-07 21:02:54,43.9098,67.2495,10.09,91,5,6.2
354,Bogovarovo,RU,2022-12-07 21:02:55,58.9785,47.0246,11.82,85,99,7.58
355,Cuamba,MZ,2022-12-07 21:02:55,-14.8031,36.5372,69.98,95,100,3.47
356,Tupancireta,BR,2022-12-07 20:58:06,-29.0806,-53.8358,88.0,38,11,11.77
357,Martapura,ID,2022-12-07 21:02:56,-3.4167,114.85,75.29,100,100,4.61
358,High Rock,BS,2022-12-07 21:02:56,26.6208,-78.2833,75.4,63,3,15.39
359,Mount Darwin,ZW,2022-12-07 21:02:56,-16.7725,31.5838,68.97,83,59,4.76
360,Lata,PT,2022-12-07 21:02:57,40.1629,-8.3327,58.08,93,100,7.83
361,Canaries,ES,2022-12-07 21:02:57,28.0,-15.5,64.36,88,40,23.02
362,Zhongxing,CN,2022-12-07 21:02:57,33.7039,118.6792,50.05,66,100,5.73
363,Huarmey,PE,2022-12-07 21:02:58,-10.0681,-78.1522,70.21,75,18,9.82
364,Isangel,VU,2022-12-07 21:02:58,-19.55,169.2667,82.87,71,87,4.27
365,Coihaique,CL,2022-12-07 21:02:59,-45.5752,-72.0662,52.72,92,95,4.5
366,Varhaug,NO,2022-12-07 21:03:59,58.6147,5.6457,28.89,64,27,10.54
367,Torit,SS,2022-12-07 21:04:00,4.4133,32.5678,77.31,58,25,1.57
368,Krasnik,PL,2022-12-07 21:04:00,50.9236,22.2271,34.29,90,99,13.69
369,Vila Velha,BR,2022-12-07 21:00:51,-20.3297,-40.2925,72.95,94,100,5.99
370,San Policarpo,PH,2022-12-07 21:04:01,12.1791,125.5072,78.49,87,100,11.18
371,Antalaha,MG,2022-12-07 21:04:01,-14.9003,50.2788,72.43,89,5,7.49
372,Phan Thiet,VN,2022-12-07 20:59:52,10.9333,108.1,73.71,90,100,7.18
373,Maragogi,BR,2022-12-07 21:04:02,-9.0122,-35.2225,78.17,80,64,8.41
374,Nosy Varika,MG,2022-12-07 21:04:03,-20.5833,48.5333,74.62,88,97,5.64
375,Keningau,MY,2022-12-07 21:04:04,5.3378,116.1602,70.74,99,98,1.61
376,Polis,CY,2022-12-07 21:04:05,35.0367,32.4264,55.22,72,97,1.92
377,Carballo,ES,2022-12-07 21:04:06,43.213,-8.691,55.09,84,100,4.85
378,Pauini,BR,2022-12-07 21:04:06,-7.7136,-66.9764,81.84,76,100,2.46
379,Inegol,TR,2022-12-07 21:04:08,40.0781,29.5133,36.68,71,96,4.14
380,Laguna,US,2022-12-07 21:04:10,38.421,-121.4238,59.29,61,0,0.0
381,Los Llanos De Aridane,ES,2022-12-07 21:04:11,28.6585,-17.9182,67.75,93,20,4.61
382,Kodiak,US,2022-12-07 21:04:11,57.79,-152.4072,31.51,51,20,23.02
383,Chicama,PE,2022-12-07 21:04:12,-7.8447,-79.1469,68.54,62,12,9.42
384,San Quintin,MX,2022-12-07 21:04:13,30.4833,-115.95,62.98,51,37,15.26
385,Gushikawa,JP,2022-12-07 21:04:13,26.3544,127.8686,67.23,72,75,9.22
386,Goderich,CA,2022-12-07 21:00:47,43.7501,-81.7165,42.91,86,12,10.47
387,Lebowakgomo,ZA,2022-12-07 21:04:14,-24.2,29.5,55.85,75,94,5.77
388,Challapata,BO,2022-12-07 21:04:15,-18.9,-66.7667,54.84,50,100,10.22
389,Kirakira,SB,2022-12-07 21:04:16,-10.4544,161.9205,82.22,77,99,4.47
390,Pyapon,MM,2022-12-07 21:04:16,16.2833,95.6833,75.38,82,90,3.31
391,Lorengau,PG,2022-12-07 21:04:17,-2.0226,147.2712,80.22,81,97,6.73
392,Beian,NO,2022-12-07 21:04:18,63.6559,9.5683,37.49,70,75,16.11
393,Lilongwe,MW,2022-12-07 21:00:17,-13.9669,33.7873,70.45,75,80,3.76
394,Kazanskaya,RU,2022-12-07 21:04:19,45.4106,40.4361,31.14,79,85,11.83
395,Kushmurun,KZ,2022-12-07 21:04:20,52.4503,64.6311,-7.47,99,96,3.13
396,Balaipungut,ID,2022-12-07 21:04:22,1.05,101.2833,73.06,97,95,3.18
397,Iqaluit,CA,2022-12-07 21:04:23,63.7506,-68.5145,2.64,87,100,1.59
398,Menzelinsk,RU,2022-12-07 21:04:24,55.7271,53.1026,-3.48,95,16,5.1
399,Tiarei,PF,2022-12-07 21:04:25,-17.5333,-149.3333,84.22,82,76,18.5
400,Curaca,BR,2022-12-07 21:04:28,-8.9903,-39.9094,86.09,43,81,13.04
401,Te Anau,NZ,2022-12-07 21:04:28,-45.4167,167.7167,55.62,87,100,3.71
402,Mae Sai,TH,2022-12-07 21:04:29,20.4335,99.8762,66.13,99,41,0.83
403,Mangai,CD,2022-12-07 21:04:30,-4.05,19.5333,67.15,99,100,1.01
404,Narrabri,AU,2022-12-07 21:04:30,-30.3167,149.7833,70.52,62,0,1.99
405,Mecca,SA,2022-12-07 21:04:30,21.4267,39.8261,74.73,55,0,6.17
406,Viedma,AR,2022-12-07 21:00:46,-40.8135,-62.9967,88.25,19,99,14.47
407,Baruun-Urt,MN,2022-12-07 21:04:31,46.6806,113.2792,0.32,90,7,7.78
408,Ati,TD,2022-12-07 21:04:31,13.2154,18.3353,70.59,16,1,10.85
409,Sao Jose Da Coroa Grande,BR,2022-12-07 21:04:32,-8.8978,-35.1478,78.51,78,49,8.61
410,Ostersund,SE,2022-12-07 21:04:32,63.1792,14.6357,25.25,93,100,11.5
411,Antequera,ES,2022-12-07 21:04:32,37.0194,-4.5612,54.95,91,97,6.55
412,Ucluelet,CA,2022-12-07 21:00:49,48.9329,-125.5528,43.09,91,100,1.99
413,Half Moon Bay,US,2022-12-07 21:03:01,37.4636,-122.4286,60.8,75,20,3.44
414,Izyaslav,UA,2022-12-07 21:04:33,50.1195,26.8213,32.11,96,94,6.4
415,Nanortalik,GL,2022-12-07 21:05:34,60.1432,-45.2371,27.19,78,98,7.29
416,Ahuimanu,US,2022-12-07 21:05:34,21.4447,-157.8378,82.11,76,75,17.27
417,Lianzhou,CN,2022-12-07 21:05:34,24.7811,112.3825,49.3,89,100,3.47
418,Les Cayes,HT,2022-12-07 21:05:35,18.2,-73.75,81.84,53,0,14.58
419,Sakakah,SA,2022-12-07 21:05:35,29.9697,40.2064,57.07,66,0,7.72
420,Santiago De Chuco,PE,2022-12-07 21:05:35,-8.15,-78.1833,57.94,59,79,6.15
421,Ikskile,LV,2022-12-07 21:05:36,56.8333,24.5,28.08,97,100,7.81
422,Fomboni,KM,2022-12-07 21:05:36,-12.28,43.7425,80.22,75,4,5.53
423,Bahia Blanca,AR,2022-12-07 21:01:29,-38.7196,-62.2724,80.02,53,62,11.77
424,Porto Velho,BR,2022-12-07 21:05:37,-8.7619,-63.9039,89.65,58,20,3.44
425,Marsa Matruh,EG,2022-12-07 21:05:37,31.3525,27.2453,63.43,51,5,14.09
426,Sarlat-La-Caneda,FR,2022-12-07 21:05:38,44.889,1.2166,36.34,84,64,1.97
427,Itarema,BR,2022-12-07 21:05:38,-2.9248,-39.9167,80.47,77,65,15.41
428,Nador,MA,2022-12-07 21:05:39,35.174,-2.9287,61.05,82,0,1.14
429,Pafos,CY,2022-12-07 21:05:39,34.7667,32.4167,55.18,76,20,6.91
430,Kruisfontein,ZA,2022-12-07 21:05:39,-34.0033,24.7314,68.88,77,77,10.71
431,Atambua,ID,2022-12-07 21:05:40,-9.1061,124.8925,72.3,78,59,3.09
432,Hualmay,PE,2022-12-07 21:05:40,-11.0964,-77.6139,70.0,75,47,10.67
433,Timizart,DZ,2022-12-07 21:05:41,36.8,4.2667,53.85,79,8,4.81
434,Lasa,IT,2022-12-07 21:05:41,46.6166,10.7002,28.36,77,33,1.48
435,Panjab,AF,2022-12-07 21:05:41,34.388,67.0233,29.77,83,100,4.76
436,Ancud,CL,2022-12-07 21:05:42,-41.8697,-73.8203,59.95,81,51,19.6
437,Verkhniy Landekh,RU,2022-12-07 21:05:43,56.8389,42.5994,11.88,86,17,9.57
438,Katsuura,JP,2022-12-07 21:05:43,35.1333,140.3,50.45,68,0,3.8
439,Elat,IL,2022-12-07 21:04:47,29.5581,34.9482,60.64,63,0,4.61
440,Surt,LY,2022-12-07 21:05:43,31.2089,16.5887,69.87,44,41,14.7
441,Eureka,US,2022-12-07 21:05:44,40.8021,-124.1637,57.2,74,0,1.99
442,Zemio,CF,2022-12-07 21:05:44,5.0314,25.1361,73.85,47,88,1.01
443,Talnakh,RU,2022-12-07 21:05:45,69.4865,88.3972,-13.04,100,79,6.78
444,Kendari,ID,2022-12-07 21:05:45,-3.945,122.4989,73.69,93,65,2.8
445,Mujiayingzi,CN,2022-12-07 21:05:46,42.1167,118.7833,18.03,48,28,5.88
446,Boguchany,RU,2022-12-07 21:05:46,58.3814,97.4531,8.92,92,100,11.5
447,Buzuluk,RU,2022-12-07 21:05:47,52.7807,52.2635,1.94,95,26,2.15
448,Marathon,US,2022-12-07 21:05:47,44.9,-89.7668,26.13,79,100,8.05
449,Provost,CA,2022-12-07 21:00:48,52.3501,-110.2683,16.38,85,21,7.9
450,Northam,GB,2022-12-07 21:05:48,51.0333,-4.2167,39.25,73,12,7.81
451,Pierre,US,2022-12-07 21:05:48,44.3683,-100.351,18.52,67,75,10.36
452,Abong Mbang,CM,2022-12-07 21:05:49,3.9833,13.1833,70.38,78,99,4.25
453,Pervomayskiy,RU,2022-12-07 21:05:49,53.2485,40.2871,16.47,57,0,16.4
454,Tifton,US,2022-12-07 21:04:24,31.4505,-83.5085,78.76,75,26,6.89
455,Morant Bay,JM,2022-12-07 21:05:50,17.8815,-76.4093,77.38,76,53,14.94
456,Whitehorse,CA,2022-12-07 21:05:50,60.7161,-135.0538,25.11,92,100,20.0
457,Luganville,VU,2022-12-07 21:05:51,-15.5333,167.1667,84.76,70,75,7.65
458,Camacha,PT,2022-12-07 21:05:51,33.0833,-16.3333,63.82,63,20,20.71
459,Sistranda,NO,2022-12-07 21:05:51,63.7256,8.834,37.36,55,100,16.02
460,Kimbe,PG,2022-12-07 21:05:52,-5.5502,150.1429,77.99,89,79,1.77
461,Elko,US,2022-12-07 21:05:52,41.0002,-115.5012,19.63,88,84,1.01
462,Santa Cruz,BO,2022-12-07 21:04:42,-17.8,-63.1667,91.45,49,40,14.97
463,Taoudenni,ML,2022-12-07 21:06:53,22.6783,-3.9836,83.17,12,100,3.69
464,Coxim,BR,2022-12-07 21:06:53,-18.5067,-54.76,85.57,58,97,3.22
465,Altamira,BR,2022-12-07 21:06:53,-3.2033,-52.2064,88.48,47,33,3.47
466,Talara,PE,2022-12-07 21:06:54,-4.5772,-81.2719,79.56,53,0,18.41
467,Ust-Nera,RU,2022-12-07 21:06:54,64.5667,143.2,-35.59,98,100,4.21
468,Darnah,LY,2022-12-07 21:06:55,32.767,22.6367,65.41,65,5,6.55
469,Mitu,CO,2022-12-07 21:06:55,1.1983,-70.1733,75.6,90,100,1.66
470,Shaoguan,CN,2022-12-07 21:06:55,24.8,113.5833,47.75,91,40,2.44
471,Marsh Harbour,BS,2022-12-07 21:05:50,26.5412,-77.0636,74.68,63,0,15.32
472,Mukhen,RU,2022-12-07 21:06:56,48.1,136.1,3.92,93,40,7.43
473,Fare,PF,2022-12-07 21:06:56,-16.7,-151.0167,80.8,72,100,19.77
474,Leninskoye,KZ,2022-12-07 21:06:57,41.7589,69.3864,25.32,93,100,1.16
475,Abu Dhabi,AE,2022-12-07 21:06:15,24.4667,54.3667,75.22,83,0,6.91
476,Honiara,SB,2022-12-07 21:06:57,-9.4333,159.95,81.54,80,90,2.28
477,Mocuba,MZ,2022-12-07 21:06:57,-16.8392,36.9856,73.89,96,100,2.86
478,Nelson Bay,AU,2022-12-07 21:06:58,-32.7167,152.15,71.01,69,15,13.0
479,Egvekinot,RU,2022-12-07 21:06:58,66.3167,-179.1667,-15.56,99,88,3.62
480,Ambanja,MG,2022-12-07 21:06:59,-13.6833,48.45,75.4,88,11,2.46
481,Pangobilian,PH,2022-12-07 21:06:59,8.8011,117.8594,78.6,86,92,10.02
482,Astana,KZ,2022-12-07 21:07:00,51.1801,71.446,-20.25,76,20,4.47
483,Quatre Cocos,MU,2022-12-07 21:07:00,-20.2078,57.7625,77.09,83,44,16.93
484,Geraldton,AU,2022-12-07 21:07:00,-28.7667,114.6,66.61,77,100,9.22
485,Shingu,JP,2022-12-07 21:07:01,33.7333,135.9833,43.81,73,0,6.08
486,Omboue,GA,2022-12-07 21:07:01,-1.5746,9.2618,76.93,84,100,2.28
487,Hamilton,US,2022-12-07 21:02:45,39.1834,-84.5333,52.23,93,100,3.44
488,Harper,LR,2022-12-07 21:07:02,4.375,-7.7169,78.35,84,22,5.7
489,Petropavlovsk-Kamchatskiy,RU,2022-12-07 21:03:35,53.0452,158.6483,16.39,93,75,6.71
490,Barentu,ER,2022-12-07 21:07:04,15.1139,37.5928,70.16,69,78,3.74
491,Lazaro Cardenas,MX,2022-12-07 21:07:05,17.9583,-102.2,83.48,62,0,9.04
492,Tilichiki,RU,2022-12-07 21:07:06,60.4667,166.1,3.2,96,100,8.12
493,Beringovskiy,RU,2022-12-07 21:07:07,63.05,179.3167,7.97,76,2,8.43
494,Raton,US,2022-12-07 21:07:08,36.9034,-104.4391,58.32,30,0,12.66
495,Lampang,TH,2022-12-07 21:07:11,18.3333,99.5,68.94,98,50,0.98
496,Mtambile,TZ,2022-12-07 21:07:11,-5.3833,39.7,78.85,81,2,7.63
497,Chengde,CN,2022-12-07 21:05:24,40.9725,117.9361,25.02,40,36,4.03
498,Balkhash,KZ,2022-12-07 21:07:13,46.844,74.9804,6.35,83,100,10.29
499,Paamiut,GL,2022-12-07 21:07:16,61.994,-49.6678,27.64,81,97,7.16
500,Komsomolskiy,UZ,2022-12-07 21:07:18,40.4272,71.7189,32.72,86,75,2.3
501,Dar Es Salaam,TZ,2022-12-07 21:07:20,-6.8235,39.2695,78.26,83,0,6.53
502,Alibag,IN,2022-12-07 21:07:21,18.6411,72.8792,78.87,68,87,5.12
503,Poum,NC,2022-12-07 21:07:22,-20.2333,164.0167,79.32,80,10,5.03
504,Corbelia,BR,2022-12-07 21:07:24,-24.7989,-53.3067,71.22,87,56,4.09
505,Zalantun,CN,2022-12-07 21:07:31,48.0,122.7167,1.99,89,5,4.65
506,Kungsbacka,SE,2022-12-07 21:07:31,57.4872,12.0761,21.74,71,2,2.04
507,Normandin,CA,2022-12-07 21:07:32,48.8333,-72.5321,35.91,98,100,6.42
508,San Vicente,AR,2022-12-07 21:07:01,-26.6167,-54.1333,82.02,55,74,2.06
509,Biak,ID,2022-12-07 21:07:33,-0.9131,122.8766,74.77,75,77,2.77
510,Kieta,PG,2022-12-07 21:07:33,-6.2167,155.6333,81.1,78,100,1.52
511,Embu,BR,2022-12-07 21:07:34,-23.6489,-46.8522,72.21,89,47,6.93
512,Umm Lajj,SA,2022-12-07 21:08:34,25.0213,37.2685,73.74,68,0,9.95
513,Banda Aceh,ID,2022-12-07 21:08:35,5.5577,95.3222,77.63,82,100,5.97
514,Saint-Louis,SN,2022-12-07 21:08:35,16.3333,-15.0,88.12,27,2,10.65
515,Pingyi,CN,2022-12-07 21:08:36,35.5006,117.6308,37.69,69,0,2.17
516,Port Hardy,CA,2022-12-07 21:08:27,50.6996,-127.4199,41.68,83,100,19.75
517,Grande Prairie,CA,2022-12-07 21:07:23,55.1667,-118.8027,28.22,83,46,4.23
518,Apac,UG,2022-12-07 21:08:36,1.9756,32.5386,68.92,79,87,3.06
519,Bom Jesus,BR,2022-12-07 21:08:37,-9.0744,-44.3586,81.68,64,53,5.93
520,Mount Isa,AU,2022-12-07 21:08:37,-20.7333,139.5,76.77,47,5,0.0
521,Japura,ID,2022-12-07 21:08:39,-0.3167,102.35,73.31,100,100,1.81
522,Kangaba,ML,2022-12-07 21:08:39,11.9333,-8.4167,80.94,21,0,5.73
523,San Luis,AR,2022-12-07 21:04:12,-33.295,-66.3356,98.62,18,72,14.88
524,Taltal,CL,2022-12-07 21:08:40,-25.4,-70.4833,68.18,70,70,4.21
525,Baoying,CN,2022-12-07 21:08:40,33.2292,119.3092,45.57,69,100,4.03
526,Bima,ID,2022-12-07 21:06:46,-8.4667,118.7167,76.08,91,100,2.84
527,Saint-Augustin,CA,2022-12-07 21:08:41,51.226,-58.6502,28.13,90,100,6.11
528,Gorontalo,ID,2022-12-07 21:08:41,0.5412,123.0595,75.18,88,99,2.35
529,Mundi,IN,2022-12-07 21:08:42,22.0667,76.5,58.32,41,33,7.36
530,Kamaishi,JP,2022-12-07 21:08:42,39.2667,141.8833,39.42,78,63,6.33
531,Fairbanks,US,2022-12-07 21:05:00,64.8378,-147.7164,17.56,88,75,0.0
532,Maun,BW,2022-12-07 21:08:43,-19.9833,23.4167,76.51,56,82,6.42
533,Tara,RU,2022-12-07 21:08:43,56.8944,74.371,-5.22,95,62,6.08
534,Itarantim,BR,2022-12-07 21:08:44,-15.6597,-40.0656,75.78,80,47,4.43
535,Bentiu,SS,2022-12-07 21:08:44,9.2333,29.8333,76.24,31,5,6.04
536,Bratsk,RU,2022-12-07 21:08:44,56.1325,101.6142,7.29,86,100,12.97
537,Yabassi,CM,2022-12-07 21:08:45,4.457,9.9682,76.06,94,100,0.76
538,Hervey Bay,AU,2022-12-07 21:08:45,-25.2986,152.8535,77.77,80,25,15.97
539,Igarka,RU,2022-12-07 21:08:46,67.4667,86.5833,11.37,95,100,9.35
540,Labuhan,ID,2022-12-07 21:08:46,-6.8844,112.2051,79.18,81,100,3.15
541,Jacqueville,CI,2022-12-07 21:08:46,5.2052,-4.4146,80.49,82,82,11.59
542,Wuwei,CN,2022-12-07 21:08:47,37.9281,102.6414,22.35,65,46,2.17
543,Ratangarh,IN,2022-12-07 21:08:47,28.0833,74.6,59.38,29,0,3.76
544,Lubango,AO,2022-12-07 21:06:46,-14.9172,13.4925,62.15,86,71,4.34
545,Nyagan,RU,2022-12-07 21:06:58,62.1406,65.3936,14.27,88,82,9.51
546,Broome,US,2022-12-07 21:08:48,42.2506,-75.833,55.02,91,100,8.05
547,Anori,BR,2022-12-07 21:08:48,-3.7728,-61.6442,84.58,66,100,1.63
548,Youkounkoun,GN,2022-12-07 21:08:49,12.5333,-13.1333,86.18,24,0,3.89
549,Kutum,SD,2022-12-07 21:08:49,14.2,24.6667,57.88,23,0,9.55
550,Umm Kaddadah,SD,2022-12-07 21:08:49,13.6017,26.6876,60.98,21,5,12.41
551,Yongan,CN,2022-12-07 21:08:50,39.6957,113.6871,22.66,37,3,2.73
552,Zambezi,ZM,2022-12-07 21:08:50,-13.5432,23.1047,66.02,78,7,1.97
553,Batagay,RU,2022-12-07 21:08:50,67.6333,134.6333,-28.46,97,100,2.28
554,Blackwater,AU,2022-12-07 21:08:51,-23.5833,148.8833,82.56,44,17,8.23
555,Pangnirtung,CA,2022-12-07 21:08:51,66.1451,-65.7125,0.95,81,100,9.55
556,Palmer,US,2022-12-07 21:08:52,42.1584,-72.3287,58.24,87,100,6.91
557,Bosobolo,CD,2022-12-07 21:08:52,4.1833,19.9,76.41,52,25,0.72
558,Puerto Madryn,AR,2022-12-07 21:09:53,-42.7692,-65.0385,79.61,28,85,27.6
559,Alice Springs,AU,2022-12-07 21:09:53,-23.7,133.8833,76.55,29,74,11.5
560,Teguise,ES,2022-12-07 21:09:54,29.0605,-13.564,68.22,78,20,9.22
561,Nabire,ID,2022-12-07 21:09:54,-3.3667,135.4833,76.17,83,100,3.0
562,Vestmanna,FO,2022-12-07 21:09:54,62.1564,-7.1664,32.92,69,75,21.85
563,Amahai,ID,2022-12-07 21:09:55,-3.3333,128.9167,77.5,82,96,3.0
564,Euclides Da Cunha,BR,2022-12-07 21:09:55,-10.5075,-39.0158,76.12,66,58,5.39
565,Chulumani,BO,2022-12-07 21:09:55,-16.4096,-67.5263,72.32,65,100,3.36
566,Hasaki,JP,2022-12-07 21:09:41,35.7333,140.8333,39.22,50,0,12.97
567,Kushima,JP,2022-12-07 21:09:56,31.4583,131.2333,38.03,69,0,4.03
568,Lahat,ID,2022-12-07 21:09:56,-3.8,103.5333,72.64,97,99,2.28
569,Yershov,RU,2022-12-07 21:09:57,51.3513,48.2766,10.33,81,2,7.7
570,Smithers,CA,2022-12-07 21:05:45,54.7804,-127.1743,28.87,92,100,2.19
571,Yeovil,GB,2022-12-07 21:09:57,50.9416,-2.6321,36.01,92,0,1.99
572,Harlingen,US,2022-12-07 21:06:30,26.1906,-97.6961,84.16,79,40,14.97
573,Wamba,NG,2022-12-07 21:09:58,8.9333,8.6,75.76,23,77,4.34
